google.com,0.0578,0.0960
baidu.com,0.5349,1.2672
google.co.in,0.0650,0.0956
google.co.jp,0.0579,0.0947
sohu.com,0.3644,0.4999
sina.com.cn,0.0435,0.0729
google.de,0.0586,0.0938
google.co.uk,0.0572,0.0945
google.com.br,0.0568,0.0955
google.fr,0.0639,0.0950
google.ru,0.0564,0.0961
google.it,0.0585,0.0949
google.es,0.0671,0.0964
google.com.hk,0.0573,0.0953
google.com.mx,0.0595,0.0930
bing.com,0.0940,0.1162
google.ca,0.0572,0.0938
xvideos.com,0.3754,0.5656
t.co,0.1624,0.3278
msn.com,0.0922,0.1325
aliexpress.com,0.1348,0.2076
hao123.com,4.0105,4.6448
google.com.au,0.0570,0.0932
google.com.tr,0.0571,0.0945
google.com.tw,0.0576,0.0949
whatsapp.com,0.2045,0.2009
google.co.id,0.0609,0.1111
google.pl,0.0570,0.0955
espn.com,0.3463,0.5281
adobe.com,0.0233,0.0496
google.com.ar,0.0600,0.0935
googleusercontent.com,0.0439,0.0808
google.com.ua,0.0569,0.0942
xnxx.com,0.3091,0.4250
google.com.pk,0.0597,0.0998
uptodown.com,0.0157,0.0374
google.com.eg,0.0558,0.1055
google.com.sa,0.0568,0.0949
google.co.th,0.0572,0.0922
cnn.com,0.0400,0.0751
google.nl,0.0574,0.0941
google.co.ve,0.0571,0.0972
google.co.za,0.0590,0.0945
hicpm5.com,0.0206,0.0503
dailymotion.com,0.2010,0.3913
google.co.kr,0.0579,0.0956
google.gr,0.0583,0.0975
google.com.ph,0.0570,0.0949
google.com.sg,0.0573,0.0948
google.se,0.0576,0.0944
google.be,0.0572,0.0953
google.co.ao,0.0578,0.0939
google.com.co,0.0574,0.0941
google.az,0.0576,0.0946
iwanttodeliver.com,0.1832,0.3736
onoticioso.com,0.0317,0.0705
adf.ly,0.1028,0.1203
alibaba.com,0.2482,0.4100
google.at,0.0562,0.1103
google.com.ng,0.0575,0.0948
4chan.org,0.1888,0.2494
google.com.vn,0.0579,0.0956
google.ch,0.0578,0.0958
google.pt,0.0627,0.1045
google.no,0.0571,0.0967
google.cz,0.0578,0.0960
google.com.pe,0.0687,0.0951
google.cl,0.0572,0.1096
google.ae,0.0593,0.1073
google.ro,0.0578,0.0962
mama.cn,2.6759,1.9343
39.net,2.3728,0.9579
adexchangeperformance.com,0.0444,0.0689
youm7.com,0.0258,0.4545
google.ie,0.0571,0.0954
zipnoticias.com,0.0318,0.0712
dingit.tv,0.0571,0.1247
foxnews.com,0.0359,0.0610
google.dk,0.0580,0.0947
popcash.net,0.0356,0.0804
google.dz,0.0617,0.0971
google.hu,0.0582,0.0969
google.fi,0.0592,0.0960
blackboard.com,0.5267,0.5899
gostream.is,0.2446,0.2658
ltn.com.tw,0.0387,0.0718
google.co.il,0.0582,0.0962
bestbuy.com,0.0197,0.0410
1337x.to,0.1985,0.1798
ntd.tv,0.1183,0.1869
google.sk,0.0578,0.0964
ign.com,0.0490,0.1333
setn.com,0.6577,0.7087
buzzadnetwork.com,0.0766,0.1536
ouo.io,0.1271,0.1680
google.kz,0.0565,0.0970
sciencedirect.com,0.2417,0.2728
orange.fr,0.2135,0.4370
kissanime.ru,0.0110,0.0314
albawabhnews.com,0.1925,0.3199
udemy.com,0.0374,0.0595
google.com.kw,0.0575,0.1050
hdfcbank.com,0.0123,0.0486
dmm.co.jp,0.4612,0.8281
ensonhaber.com,0.5346,0.5209
youdao.com,0.5573,0.9724
siteadvisor.com,0.1514,0.2947
google.co.nz,0.0592,0.0951
theverge.com,0.0189,0.0444
cricbuzz.com,0.0994,0.0508
mit.edu,0.0213,0.0973
doublepimpssl.com,0.1173,0.1496
fedex.com,0.0724,0.0931
eskimi.com,0.2987,0.6047
google.lk,0.0584,0.1132
kooora.com,0.0460,0.0446
elmundo.es,0.4834,0.7965
fwbntw.com,0.1803,0.3698
patreon.com,0.6200,0.6980
banggood.com,0.1400,0.1170
marca.com,0.4890,0.8039
digitalprivacyalert.org,0.1521,0.2409
addthis.com,0.0688,0.0785
epochtimes.com,0.0667,0.0744
wattpad.com,0.0695,0.0832
google.bg,0.0619,0.0954
sex.com,0.2033,0.2652
thefreedictionary.com,0.1278,0.1970
velocecdn.com,0.2002,0.2000
google.com.do,0.0682,0.0944
chegg.com,0.1878,0.3295
tutorialspoint.com,0.0214,0.0434
billdesk.com,0.7639,1.3487
google.by,0.0586,0.0954
givemesport.com,0.0795,0.1239
perfecttoolmedia.com,0.0706,0.0972
ebc.net.tw,0.3297,0.1548
cerpen.co.id,0.9027,0.8622
hurriyet.com.tr,0.0272,0.0549
utorrent.com,0.0467,0.0842
google.com.ly,0.0577,0.0981
reimageplus.com,0.0875,0.1662
google.com.mm,0.0583,0.0963
adexchangecloud.com,0.0736,0.1574
almasryalyoum.com,0.4927,0.3840
google.rs,0.0588,0.1057
inquirer.net,0.3429,0.6085
tvbs.com.tw,0.0198,0.0520
xe.com,0.0637,0.0687
blogfa.com,0.0606,0.1163
google.hr,0.0590,0.0960
google.com.ec,0.0582,0.0962
voc.com.cn,2.0576,3.3412
lemonde.fr,0.0383,0.1535
zhanqi.tv,0.0710,0.7177
superappbox.com,0.0643,0.1780
y8.com,0.0567,0.0930
pussl18.com,0.0213,0.0484
google.tn,0.0588,0.0972
crunchyroll.com,0.0101,0.0328
yaplakal.com,0.5005,0.6809
pussl32.com,0.0201,0.0508
techradar.com,0.2567,0.4029
gstatic.com,0.0440,0.0810
elbalad.news,0.3220,0.2921
chron.com,0.0347,0.0587
google.lt,0.0583,0.0969
google.iq,0.0608,0.0958
sarkariresult.com,0.7095,1.5755
google.com.my,0.0591,0.0944
junbi-tracker.com,0.1910,0.5107
hamariweb.com,0.1614,0.1680
usnews.com,0.0167,0.0413
google.com.gt,0.0571,0.0946
torrents9.pe,0.0123,0.0350
google.tm,0.0588,0.0988
polygon.com,0.0177,0.0421
instructables.com,0.0181,0.0440
google.com.af,0.0582,0.0973
myfreecams.com,0.2297,0.3793
qingdaonews.com,1.7696,1.3860
nocookie.net,0.0161,0.0386
liveinternet.ru,0.5591,0.8058
gazetaexpress.com,0.2736,0.3088
kissasian.ch,0.0184,0.0449
internetspeedtracker.com,0.0283,0.0619
sapo.pt,0.7172,0.9759
myanmarload.com,0.4608,0.4840
google.si,0.0595,0.0962
11st.co.kr,0.5874,1.1807
gmanetwork.com,0.5943,1.2315
mercari.com,0.1463,0.2446
liveadexchanger.com,0.0504,0.0791
123movies.co,0.0840,0.1179
lolesports.com,0.0171,0.0429
cinecalidad.to,0.1062,0.3821
internetdownloadmanager.com,0.1385,0.2397
5ch.net,0.1683,0.1892
viva.co.id,1.1334,1.6951
playmediacenter.com,0.0749,0.1767
cdstm.cn,0.5145,0.9717
nhk.or.jp,0.0219,0.0482
justdial.com,0.0168,0.0514
movie2free.com,0.3823,0.3314
jawabkom.com,0.3184,0.5080
primewire.ag,0.0199,0.0386
gazzetta.it,0.0211,0.0471
xunlei.com,0.5097,1.0317
besoccer.com,0.3418,0.6021
drtuber.com,0.3189,0.4967
launchpage.org,0.0229,0.0511
vesti.ru,0.3936,0.7158
onclickmax.com,0.0731,0.1569
pcgamer.com,0.4132,0.4885
mynet.com,0.5411,0.8373
redfin.com,0.2345,0.1456
nydailynews.com,0.0368,0.0605
wuxiaworld.com,0.1488,0.2170
quizzstar.com,0.6143,0.7245
tmz.com,0.0299,0.0615
3sk.tv,0.1520,0.1513
slate.com,0.0348,0.0768
piriform.com,0.0183,0.0435
sfgate.com,0.0352,0.0615
imagetwist.com,0.2882,0.3267
wenxuecity.com,0.0465,0.3245
google.lv,0.0610,0.1048
lk21.co,0.0346,0.0673
ozon.ru,0.3001,0.3468
adexchangegate.com,0.0437,0.0703
nate.com,1.2503,1.5435
jio.com,1.6612,2.2060
crhoy.com,0.0998,0.1009
incometaxindiaefiling.gov.in,0.6800,1.0235
plex.tv,0.0155,0.0398
secure-surf.net,0.1244,0.2557
scol.com.cn,1.7420,3.2299
google.com.pr,0.0591,0.0954
youku.com,1.1641,1.8059
google.com.cu,0.0581,0.0962
tradedoubler.com,0.1423,0.1991
cornell.edu,0.0675,0.1268
ouo.press,0.1585,0.1601
friendlyappz.com,0.0853,0.2200
apache.org,0.1550,0.4271
paytm.in,0.5220,1.0718
purdue.edu,1.4377,1.4817
wikiwand.com,0.0894,0.1383
popsugar.com,0.0510,0.0891
google.com.bd,0.0572,0.0964
performanceadexchange.com,0.0734,0.1565
cimaclub.com,0.0136,0.0294
lostfilm.tv,0.3395,0.5698
mymovies.it,0.0300,0.0597
xuite.net,0.7133,1.1576
joq.al,0.2275,0.2465
caf.fr,0.2808,0.5110
google.com.gh,0.0580,0.0977
yifysubtitles.com,0.2817,0.4002
stumbleupon.com,0.1796,0.3359
sbnation.com,0.0186,0.0424
skyscanner.net,0.1426,0.1603
monografias.com,0.0260,0.0550
vox.com,0.0176,0.0436
aastocks.com,0.4726,0.9899
hostgator.com,0.7187,0.8284
shareasale.com,0.0365,0.1064
fifa.com,0.0439,0.0621
jstor.org,0.3294,0.3269
playground.ru,0.4598,0.7252
talk.tw,2.0044,1.0945
weather.gov,0.0573,0.0644
google.com.sv,0.0580,0.0962
washington.edu,0.1530,0.4147
sonyliv.com,0.0210,0.0481
bittorrent.com,0.0745,0.0813
mysearch.com,0.1081,0.1321
hexun.com,0.7580,1.0262
sankakucomplex.com,0.0786,0.1400
google.com.lb,0.0587,0.1076
answers.com,0.3203,0.4423
abola.pt,0.4349,1.0952
wolframalpha.com,0.1146,0.2041
maybank2u.com.my,0.6017,1.0274
gnula.nu,0.0112,0.0323
google.jo,0.0590,0.0961
quikr.com,0.0196,0.0451
theyoump3.com,0.1885,0.2302
teamliquid.net,1.0198,0.9803
duba.com,0.0984,0.1852
readms.net,0.3220,0.4107
ycombinator.com,0.2953,0.1636
nuvid.com,0.1390,0.1879
download-xyz.com,0.0953,0.3008
sanook.com,1.6998,4.3918
similarweb.com,0.0318,0.0723
danawa.com,0.8688,1.1468
internetnewsportal.com,0.0454,0.0772
nyu.edu,0.0516,0.0821
iloveoldschoolmusic.com,0.0367,0.0838
mediawhirl.net,0.0378,0.0525
otzovik.com,0.3102,0.5266
myappline.com,0.3921,0.4559
hjenglish.com,0.6407,0.6905
20minutes.fr,0.0335,0.0663
cmoney.tw,0.4499,1.0552
20minutos.es,0.4823,0.1860
marumaru.in,0.0118,0.0380
un.org,0.1184,0.2154
storm.mg,0.0296,0.0613
commonapp.org,0.0326,0.0672
alnaharegypt.com,0.1927,0.3858
vulture.com,0.0757,0.1242
rollingstone.com,0.0282,0.0570
ilbe.com,0.4985,0.9251
shglegle.com,0.0893,0.1922
1111.com.tw,1.2957,1.5589
psychologytoday.com,0.0309,0.0689
mvideo.ru,3.3598,1.4782
wasabisyrup.com,0.0723,0.0966
autotrader.com,0.0186,0.0409
jetbrains.com,0.2780,0.4691
metric-conversions.org,0.0209,0.0510
google.ee,0.0599,0.0985
predictivadnetwork.com,0.0736,0.1561
putlockers.fm,0.7775,0.7963
google.com.bh,0.0607,0.0996
bc.vc,0.2190,0.5139
ps7894.com,0.1151,0.1148
republika.co.id,0.9441,1.1706
etorrent.co.kr,1.0556,1.2985
ucsd.edu,0.3857,0.5293
leju.com,1.6523,2.0589
lagaceta.com.ar,0.7909,1.0197
thisav.com,0.2378,0.2634
tencent.com,0.4851,0.9586
google.com.uy,0.0631,0.1125
woot.com,0.0525,0.1426
whitepages.com,0.3104,0.5283
google.cm,0.0724,0.1318
interpark.com,0.4961,1.3309
crunchbase.com,0.5295,0.1971
film2movie.co,0.8622,0.9434
iciba.com,0.6747,1.5252
dumpert.nl,0.4622,0.5513
olymptrade-promo.com,0.1346,0.1584
backpage.com,0.0201,0.1295
putlocker.io,0.8433,0.8743
sky.it,0.4505,0.8182
kukudas.com,0.2307,0.2481
mercadolibre.com,0.0295,0.1102
google.com.np,0.0586,0.0985
argos.co.uk,0.0255,0.0489
legacy.com,0.0309,0.0575
myvidster.com,0.4685,0.6028
google.ba,0.0594,0.0973
ansa.it,1.8436,0.6709
history.com,0.0366,0.0872
made-in-china.com,0.1976,0.2955
shadbase.com,0.2121,0.2421
kissmanga.com,0.0129,0.0366
jjwxc.net,1.1316,3.0082
cb01.uno,0.0124,0.0388
google.tt,0.0634,0.0955
ets.org,0.0334,0.0616
tvguide.com,0.3457,0.3448
elcomercio.com,0.0365,0.1021
refinery29.com,0.0234,0.0450
alluc.ee,0.0205,0.0454
javlibrary.com,0.1783,0.1297
adscpm.net,0.0338,0.0787
animevost.org,0.1721,0.1196
adnetworkperformance.com,0.0740,0.1573
opera.com,0.1803,0.3774
consultant.ru,0.4062,0.5413
leparisien.fr,0.2231,0.4321
newsmth.net,0.6250,1.2731
thevintagenews.com,0.0178,0.0398
raiplay.it,0.0181,0.0410
profit-opportunity.com,0.1657,0.2099
8maple.ru,0.0251,0.0443
cam.ac.uk,0.6821,1.2040
kshowonline.com,0.4312,0.4554
ny.gov,0.0177,0.0432
wwe.com,0.0233,0.0516
societegenerale.fr,0.3073,0.4182
google.com.py,0.0622,0.0958
google.lu,0.0586,0.0985
rbcroyalbank.com,0.0165,0.0391
redirect2719.ws,0.0766,0.0937
terraclicks.com,0.0217,0.0516
theringer.com,0.0204,0.0447
haa66855mo.club,0.1735,0.3808
warhistoryonline.com,0.0165,0.0416
vppgamingnetwork.com,0.0799,0.1040
indeed.co.uk,0.0995,0.1834
complex.com,0.0411,0.0660
ana.co.jp,0.2406,0.2464
pussl36.com,0.0206,0.0540
gigya.com,0.0750,0.1559
rockstargames.com,0.0266,0.0478
zipbogo.net,0.1703,0.1902
blackdoctor.org,0.0745,0.6326
add-block.org,0.0961,0.1108
literotica.com,0.0319,0.0522
tagesschau.de,0.2341,0.5068
4cdn.org,0.1122,0.1546
alarabiya.net,0.0157,0.0381
google.com.kh,0.0721,0.0995
folha.uol.com.br,0.7066,1.5156
viki.com,0.1763,0.3598
biblehub.com,0.1607,0.2748
coupang.com,0.5235,0.4643
avnori.com,0.0131,0.0340
canalrcn.com,0.0263,0.0508
google.com.ni,0.0633,0.1085
google.co.ma,0.0592,0.0975
pussl41.com,0.0207,0.0534
xing.al,0.5466,0.5114
victoriassecret.com,0.0722,0.2041
google.com.cy,0.0670,0.1048
indishare.me,0.4134,0.4305
thekitchn.com,0.0486,0.0832
99kubo.com,1.0075,0.2983
eroprofile.com,0.0787,0.1355
tradeadexchange.com,0.0733,0.1636
google.hn,0.0640,0.0968
aljazeera.com,0.0211,0.0472
anitube.se,0.1549,0.1527
storage.googleapis.com,0.1972,0.2226
sciencemag.org,0.2485,0.4219
gomovies.pet,0.3015,0.3321
qyer.com,0.0278,0.0587
resultados-futbol.com,0.5917,0.7792
geniusdisplay.com,0.0759,0.1554
prensalibre.com,0.3595,0.1809
mediamarkt.de,0.2755,0.4663
worldcat.org,0.1895,0.3914
wechat.com,5.4636,4.7306
glassdoor.co.in,0.0846,0.1522
star.com.tr,1.0114,1.3051
bu.edu,0.0466,0.2500
ntdtv.com,0.0753,0.0764
t66y.com,0.1445,0.1709
jd.hk,1.0624,1.5535
signupgenius.com,0.0539,0.0941
greenhouse.io,0.0794,0.1337
genti.stream,0.1391,0.1314
kimcartoon.me,0.0134,0.0497
torrentdownloads.me,0.3153,0.3726
espnfc.us,0.3024,0.5995
goibibo.com,0.0227,0.0453
channelmyanmar.org,0.8077,1.0544
sport-express.ru,0.5402,0.9594
incruit.com,1.2159,1.7064
chsi.com.cn,0.9413,1.7760
unc.edu,0.0453,0.1147
wpbeginner.com,0.0321,0.0728
virginia.edu,0.4053,0.2142
dnvod.tv,0.5266,0.4027
ondramanice.io,0.0139,0.0348
onelogin.com,0.0220,0.0532
ratemyprofessors.com,0.0464,0.0520
adbtc.top,0.2101,0.2207
sabaharabi.com,0.1674,0.3200
o2tvseries.com,0.1854,0.3746
pure-t.ru,0.0308,0.0655
w3.org,0.0150,0.0386
tamu.edu,0.1923,0.2869
eater.com,0.0180,0.0435
ienjoyapps.com,0.4015,0.4278
pussl35.com,0.0215,0.0507
etoro.com,0.0169,0.0724
cwtv.com,0.0305,0.0498
cnnic.cn,2.8031,4.7134
soompi.com,0.1087,0.2320
videolan.org,0.2404,0.3342
nasdaq.com,0.1808,0.1494
share-videos.se,0.2455,0.2792
wolfram.com,0.5494,0.6910
google.cd,0.0578,0.0943
shahrekhabar.com,0.6444,1.0889
instiz.net,0.4879,1.0730
hirufm.lk,0.3426,0.2393
okaz.com.sa,0.0680,0.1100
google.ge,0.0577,0.0960
worldbank.org,0.0234,0.0556
myshared.ru,0.2757,0.3770
dailyfeed.co.uk,0.1323,0.1545
google.co.bw,0.0586,0.0962
cabelas.com,0.1598,0.2930
dizipub.com,0.0113,0.0353
jobvite.com,0.0735,0.1556
hugedomains.com,0.2216,0.6362
google.co.mz,0.0602,0.0970
myreadingmanga.info,0.0195,0.0404
dikaiologitika.gr,0.3034,0.3026
pptv.com,4.9541,3.5270
comandotorrents.com,0.5368,0.4289
wikidot.com,0.0312,0.0692
google.am,0.1244,0.1310
backchina.com,0.3895,0.5744
elsalvador.com,0.0496,0.0852
srchprivate.com,0.1847,0.6881
geico.com,0.0701,0.1056
gamme.com.tw,0.7396,1.1473
kisscartoon.es,0.0363,0.0890
myfonts.com,0.0500,0.0952
ae.com,0.0510,0.0875
pandora.tv,1.2788,2.0688
liens-telechargement.com,0.3772,0.4203
gruposantander.es,0.2859,0.7215
elcorteingles.es,0.0253,0.0694
bitmotion-tab.com,0.1303,0.0632
ti.com,0.0214,0.0649
musicpleer.audio,0.1730,0.3530
infojobs.net,0.1863,0.2269
google.com.et,0.0718,0.1055
newsru.com,0.0788,0.1116
taroot-rangi.com,0.3125,0.3897
freeones.com,0.0442,0.0648
allmusic.com,0.0501,0.0693
healthylives.tw,0.0485,0.0710
redbus.in,0.2870,0.2975
uefa.com,0.0691,0.0943
gsu.edu,0.2042,0.3076
indiabix.com,0.5652,1.1410
qatarairways.com,0.0209,0.0462
rk.com,0.0634,0.1287
calculator.net,0.0240,0.0586
indiewire.com,0.0283,0.0524
viptube.com,0.7014,0.9009
ethz.ch,0.2175,0.4550
baiduccdn1.com,0.1818,0.1951
wemakeprice.com,1.3046,1.6513
expansion.com,0.5893,0.8863
tv2.no,0.4404,0.5930
cafesiyaset.com.tr,0.4728,0.5204
forumfree.it,0.1827,0.3722
barlamane.com,0.1666,0.2018
jal.co.jp,3.1124,3.4979
mathsisfun.com,0.0593,0.0893
gamesradar.com,0.3035,0.4823
google.com.qa,0.0597,0.0973
usp.br,0.3024,0.6243
blic.rs,0.3436,0.5856
dcinside.com,0.4711,0.8842
localbitcoins.com,0.0113,0.0339
samplicio.us,0.0342,0.0703
cmbchina.com,1.1707,1.6969
louisvuitton.com,0.0206,0.0505
declk.com,0.1645,0.3417
diary.ru,0.6532,0.6440
oberlo.com,0.1540,0.3122
cshighlights.com,0.0364,0.0664
tvboxnow.com,0.2075,0.1020
file-upload.com,0.3445,0.2923
amarujala.com,0.0213,0.0454
alamy.com,0.2710,0.4636
cimbclicks.com.my,0.9267,1.4728
linktender.net,0.1702,0.2073
pitt.edu,0.0755,0.1368
netgear.com,0.2223,0.2571
hrazens.com,0.4900,0.9890
forumcommunity.net,0.1824,0.3720
voluumtrk.com,0.1910,0.3762
bettersearchtools.com,0.0865,0.2203
elzmannews.com,0.2366,0.3643
sapo.ao,0.4569,0.8310
biggo.com.tw,0.4353,0.8988
disney.com,0.0329,0.0649
mcgill.ca,0.0761,0.1791
google.mg,0.0583,0.1003
watchonlinemovies.com.pk,0.0384,0.0830
duomai.com,0.7749,0.9728
yourmedicalnews.com,0.0601,0.0872
yy08037.com,0.1398,0.1710
balkanweb.com,0.1701,0.1673
kdslife.com,0.9344,2.3142
just-eat.co.uk,0.0404,0.0459
inbox.lv,0.4103,0.6944
google.cg,0.0697,0.0959
sky.de,2.2396,1.6298
vip.com,0.3968,0.4456
datumglobal.com,0.0276,0.0814
nieuwsblad.be,0.2990,0.5142
pizzahut.com,0.1342,0.1379
shatel.ir,0.5370,0.8584
ixbt.com,0.6797,0.9985
adweek.com,0.0811,0.1240
laiguana.tv,0.1506,0.1362
eclipse.org,0.0985,0.1935
stihi.ru,0.4923,0.6370
cryptofrenzy.net,0.1591,0.1906
shabdkosh.com,0.5013,0.9725
591.com.tw,0.2532,0.3019
melon.com,0.9047,3.2138
utah.edu,0.1255,0.2691
rai.it,0.0190,0.0476
wnd.com,0.0224,0.0510
e1.ru,0.4802,0.8013
bigmir.net,0.3608,0.6102
4gamer.net,0.9628,0.7741
totalsportek.com,0.0528,0.1132
yes24.com,3.1141,3.9574
2chan.net,0.3862,0.3957
googleblog.com,0.1040,0.1491
skyscanner.com,0.1656,0.2379
boohoo.com,0.4114,0.5454
arabi21.com,0.5633,0.6365
yy08047.com,0.1889,0.2182
gsmhosting.com,0.1489,0.2104
worldlifestyle.com,0.0880,0.1300
720pizle.com,0.0491,0.1347
autozone.com,0.5162,0.1375
oclc.org,0.1134,0.2884
piaohua.com,4.4510,4.8884
maxpreps.com,0.0390,0.0890
ddanzi.com,0.5337,1.2454
indeed.co.in,0.1336,0.2143
xiachufang.com,1.3185,2.1160
pcbaby.com.cn,2.3099,3.1944
xmovies8.es,0.0114,0.0315
18183.com,0.9322,1.5652
nj.com,0.0260,0.0521
wavesoffice.com,0.0423,0.0468
domaintools.com,0.9203,1.0720
bigtests.club,0.0407,0.0715
freemaineads.com,0.0898,0.1994
filehorse.com,0.0710,0.1185
rrdiscovery.com,0.1315,0.2133
vsetop.com,0.2611,0.4551
smbc-comics.com,0.4119,0.5543
electroneum.com,0.1557,0.1937
google.com.pg,0.0584,0.0952
medindia.net,0.8794,0.9255
superanimes.site,0.0983,0.1071
inmotionhosting.com,0.2481,0.4098
google.sn,0.0588,0.0968
earthlink.net,0.1351,0.2080
ucl.ac.uk,0.3286,0.6984
ipeen.com.tw,2.4347,3.8523
michaels.com,0.2290,0.2509
mmmoffice.com,0.0113,0.0368
ssisurveys.com,0.0270,0.0794
ifanr.com,0.7144,1.3589
movistar.es,0.7699,0.8978
maam.ru,0.2386,0.6083
saisoncard.co.jp,0.8911,1.5229
bollywoodshaadis.com,0.1718,0.1920
veporn.net,0.2745,0.2999
lloydsbank.com,0.1810,0.2091
iyiou.com,0.7642,1.3109
sina.cn,0.8196,1.4398
calameo.com,0.1794,0.3684
downloadhelper.net,0.2689,0.4700
bbcgoodfood.com,0.0167,0.0413
drama3s.com,0.0119,0.0313
adultswim.com,0.0629,0.0854
slrclub.com,1.6153,0.9692
uh.edu,0.3032,0.3549
rtvonline.com,0.3439,0.5342
alaskaair.com,0.0465,0.0738
sbs.co.kr,0.8868,1.2992
elnuevodiario.com.ni,0.0493,0.0898
ournewstoday.com,0.1855,0.2094
linktv.pro,0.8817,0.9495
cheezburger.com,0.2542,0.4372
ns21.me,0.0349,0.0567
realitykings.com,0.0630,0.1265
laprensa.com.ni,0.2816,0.4960
codeplex.com,0.6871,0.7793
lufthansa.com,0.1473,0.2042
citrixonline.com,0.0288,0.0635
mtime.com,1.5305,2.1276
kseries.co,0.1458,0.1587
schoolloop.com,0.6996,0.7289
axs.com,0.1528,0.3088
umass.edu,0.0040,0.0190
po-kaki-to.com,0.4198,0.6204
info.com,0.0426,0.0800
bdupload.info,0.5502,0.6623
ntu.edu.tw,0.8553,1.0813
record.pt,0.4766,0.7275
hentai-foundry.com,0.1009,0.2035
dizibox1.com,0.3856,0.4781
oi.com.br,0.0209,0.0534
clickbank.com,0.0545,0.1042
skyrock.com,0.2758,0.4605
2ch-c.net,0.2940,0.3430
ashams.com,0.1941,0.3581
jst.go.jp,0.7984,1.1987
alquds.co.uk,0.0318,0.0715
afip.gob.ar,0.4225,1.0854
mathxl.com,0.3544,0.3782
apa.org,0.0407,0.1111
lefrecce.it,0.2481,0.3420
homepage-web.com,0.1366,0.1322
apartmenttherapy.com,0.0337,0.0613
e-reading.club,0.4105,0.9201
indosport.com,0.4286,0.3130
sony.jp,0.0175,0.0417
marksandspencer.com,0.0447,0.0708
huffingtonpost.co.uk,0.0256,0.0420
stiximan.gr,0.0123,0.0421
kuaidi100.com,0.5574,1.2172
rentalcars.com,0.5070,0.9362
ooopic.com,0.8423,1.4296
yify-torrent.org,0.3941,0.5302
activehosted.com,0.0521,0.1446
marinetraffic.com,0.2142,0.2338
pornktube.com,0.3119,0.2028
thewindowsclub.com,0.0320,0.0712
ismedia.jp,0.4478,0.8451
centurylink.com,0.2391,0.3768
sportingnews9.com,0.0688,0.0962
moonbit.co.in,0.2257,0.2032
cricfree.sc,0.5370,0.5580
glaz.tv,0.2747,0.5387
twirpx.com,0.2760,0.4683
sopitas.com,0.0727,0.1027
iceporn.com,0.4347,0.6236
mitbbs.com,0.0848,0.1600
fsu.edu,0.2325,0.3087
doc88.com,0.8554,1.7897
easy2date.net,0.0856,0.1156
eprice.com.tw,0.7486,2.0626
theblaze.com,0.0261,0.0536
nonno.hk,0.9450,1.4969
btbtdy.com,0.6565,0.6967
tudou.com,0.4781,0.9579
saturn.de,0.2743,0.4790
google.com.bn,0.0584,0.0962
bdjobs.com,0.2207,0.2939
swzz.xyz,0.3843,0.4923
tvp.pl,0.3685,0.9886
creativebloq.com,0.3008,0.4056
mirrorcreator.com,0.3825,0.6388
cybersource.com,0.0211,0.0620
jofogas.hu,0.3849,0.6809
k12.com,0.0485,0.0854
screencast.com,0.0776,0.1689
elmawke3.com,0.5510,0.5662
dwnews.com,0.0382,0.0709
ef.com,0.1752,0.3616
netfind.com,0.5053,0.5648
caraotadigital.net,0.2833,0.3226
readcomiconline.to,0.0254,0.0533
abcya.com,0.0936,0.1894
mmaaxx.com,0.1488,0.3140
atpworldtour.com,0.0571,0.1131
dmzj.com,0.4476,0.5977
cpmlink.net,0.1322,0.2892
aeroflot.ru,0.2015,0.2115
flashx.tv,0.2906,0.3781
chainmychonga.com,0.0630,3.1883
realtor.ca,0.0436,0.1071
smbc.co.jp,0.6887,0.5578
ctvnews.ca,0.0294,0.0668
researchnow.com,0.1528,0.3118
icbc.com.cn,0.0177,0.0372
sb24.com,0.3867,0.7954
morningstar.com,0.0219,0.0524
stoiximan.gr,0.0132,0.0312
fang.com,1.1859,1.9625
mercola.com,0.2462,0.3713
uga.edu,0.4592,0.5964
curbed.com,0.0178,0.0418
pravda.com.ua,0.0846,0.1521
indeed.fr,0.0978,0.1773
orion-code-access.net,0.2257,0.2557
q8yat.com,0.9666,1.2962
iop.org,0.1757,0.4473
siriusxm.com,0.0182,0.0464
animelek.com,0.0126,0.0312
vagaro.com,0.0413,0.0498
koreaboo.com,0.0250,0.0971
short.am,0.0673,0.0878
jorudan.co.jp,0.9293,1.1501
sfacg.com,1.6830,1.7160
streamplay.to,0.4164,0.3430
cj.com,0.0178,0.0445
xdf.cn,1.0427,1.0310
cartooncrazy.net,0.0113,0.0364
uq.edu.au,0.5240,0.9370
rasekhoon.net,0.9606,0.8331
dx.com,0.7996,2.9023
fushaar.com,0.0322,0.0717
upera.co,0.4902,0.7155
aps.org,0.1143,0.1621
sport1.de,0.0370,0.0632
collegehumor.com,0.0440,0.0814
mponline.gov.in,0.5537,1.3687
uwo.ca,0.3767,0.3328
dlkoo.com,0.3189,0.3249
transfermarkt.de,0.1903,0.3877
gusuwang.com,0.0131,0.0327
homes.co.jp,0.6929,1.2163
aznude.com,0.0610,0.0782
mexashare.com,0.3641,0.1158
cafemom.com,0.1356,0.1731
mk.co.kr,0.9921,2.1705
somethingawful.com,0.0653,0.0845
licindia.in,1.0999,1.4687
mlive.com,0.0262,0.0521
putlockers.mn,0.7620,0.7860
blesk.cz,0.3655,0.7726
google.co.zm,0.0778,0.1153
webs.com,0.3472,0.3579
animesorion.org,0.0897,0.1059
fengniao.com,1.3139,2.0477
reklama5.mk,0.6909,0.8781
thinkgeek.com,0.2256,0.2009
chinanews.com,0.0255,0.8513
qichacha.com,1.3149,2.0836
google.ht,0.0808,0.1219
ideacellular.com,0.6598,1.1614
torrentdownload.ch,0.3449,0.4464
tal.net,0.1514,0.3113
google.co.ke,0.0676,0.1060
adda247.com,0.0218,0.0502
qmov.net,0.0584,0.1281
telegraaf.nl,0.4736,0.6323
google.com.tj,0.0660,0.1023
clicktripz.com,0.1530,0.3090
dorkly.com,0.0438,0.0813
coinpot.co,0.1122,0.1474
nchsoftware.com,0.1097,0.2590
funimation.com,0.0424,0.0415
skyscanner.ru,0.1358,0.1668
xiaomi.cn,0.7280,1.2494
camelcamelcamel.com,0.0390,0.0825
imagecurl.com,0.1527,0.1657
imagerar.com,0.0381,0.0695
walkerland.com.tw,0.8707,1.2216
imgprime.com,0.0484,0.0767
mastermovie-hd.com,0.0248,0.0583
yy.com,1.8347,2.8815
mercadopago.com,0.0659,0.1097
d1ev.com,1.0393,1.7921
vector.co.jp,0.7528,1.1584
mangago.me,0.0111,0.1056
jcb.co.jp,0.8056,1.3432
yhd.com,0.7432,1.2887
iporntv.net,0.4574,0.1469
speedvideo.net,0.3200,0.2839
sponichi.co.jp,0.5910,0.9458
saksfifthavenue.com,0.0195,0.0441
wed114.cn,0.7859,1.0709
bostonglobe.com,0.0289,0.0527
sherdog.com,0.1087,0.1008
ivoox.com,0.4589,0.6935
iol.pt,0.4526,0.6039
shipstation.com,0.0743,0.1575
gnu.org,0.0427,0.0833
favorit.com.ua,0.0118,0.0368
vkmag.com,8.0113,0.3955
webassign.net,0.0672,0.1008
google.co.cr,0.0649,0.1153
vrfuckdolls.com,0.0254,0.0633
anadolu.edu.tr,0.5002,0.6532
daserste.de,0.1955,0.0705
tv-alnoor.com,0.1920,0.1967
jwplayer.com,0.0729,0.1528
boerse.to,0.0120,0.0492
pekao24.pl,0.2199,0.4500
iranjib.ir,0.6571,0.8409
dcfever.com,0.9751,1.5507
myutiitsl.com,0.6182,1.3055
freemail.hu,0.2194,0.4490
soy502.com,0.0439,0.4916
utdallas.edu,0.1234,0.3220
vehiclehistory.com,0.1660,0.3371
google.com.bo,0.0823,0.1181
amc.com,0.0434,0.0841
kariyer.net,0.5514,1.2614
lambingan.su,0.1767,0.1647
blablacar.fr,0.1831,0.3654
bludv.com,0.1095,0.2494
indiegala.com,0.0473,0.0549
watchepisodeseries.com,0.6715,0.5316
mouser.com,0.5315,0.6438
ilmessaggero.it,0.7650,1.0450
cinetux.io,0.1990,0.1089
nii.ac.jp,0.6741,1.1300
anilinkz.to,0.0136,0.0304
fullmatchesandshows.com,0.0515,0.2210
experian.com,0.3331,0.3078
superkora.football,0.2744,0.1213
zumiez.com,0.4083,0.3816
spirithalloween.com,0.3264,0.3500
mmafighting.com,0.0253,0.0585
onenote.com,0.1044,0.1444
caltech.edu,0.2892,0.4905
washingtonexaminer.com,0.0430,0.0822
kmf.com,1.3412,1.8788
stranamam.ru,0.5950,0.4169
mangafreak.net,0.0129,0.0326
minghui.org,0.1137,0.1225
toranoana.jp,0.3674,1.0357
google.bf,0.0693,0.1140
mnscu.edu,0.0908,0.1330
javhub.net,0.3239,0.2197
subf2m.co,0.1823,0.1776
go2cloud.org,0.1857,0.3593
gocoo.co,0.3063,0.3186
deccanchronicle.com,0.9622,1.6303
chatango.com,0.1573,0.3237
game-debate.com,0.6221,0.5603
findlaw.com,0.1712,0.3116
mazika2day.com,0.1841,0.2130
cpm10.com,0.0222,0.0493
speedvid.net,0.4785,0.5881
imgmak.com,0.2195,0.2202
whatmobile.com.pk,0.2178,0.3392
voluumtrk2.com,0.2044,0.3830
bitfun.co,0.0805,0.1229
goal.in.th,0.7003,0.8193
whoscored.com,0.0164,0.0490
filefactory.com,0.1922,0.4400
cvent.com,0.0658,0.0876
icefilms.info,0.1862,0.2097
garant.ru,0.4463,0.7052
foumovies.com,0.2077,0.2470
sdo.com,1.5275,1.4995
uisdc.com,8.2748,2.3047
wellmov.com,0.1254,0.1706
rbi.org.in,0.5319,1.6969
queensu.ca,0.1799,0.2311
redditmedia.com,0.0261,0.0511
clkntrk.com,0.1900,0.2366
adyou.me,0.1778,0.2102
appannie.com,0.0686,0.1435
collegeconfidential.com,0.1301,0.1686
ucalgary.ca,0.2814,0.7528
rit.edu,0.2650,0.1772
love4single.com,0.0841,0.1763
tnebnet.org,0.5294,1.0943
audacityteam.org,0.1320,0.1405
uc.edu,0.2755,0.5107
gomlab.com,0.0511,0.0696
statsroyale.com,0.0370,0.0606
standaard.be,0.2952,0.5336
gasengi.com,1.7801,2.2878
alyamanalaraby.com,0.5063,0.4874
misumi-ec.com,0.2133,0.2219
nottingham.ac.uk,0.2724,0.4813
dotmsr.com,0.2496,0.2609
dailydot.com,0.1552,0.1612
glassdoor.co.uk,0.0884,0.2113
gazetabota.com,0.2592,0.5386
oecd.org,0.2743,0.5807
google.mu,0.0752,0.1069
r2games.com,0.0348,0.0728
homemoviestube.com,0.2243,0.3212
microcenter.com,0.2333,0.1908
chia-anime.tv,0.0178,0.0447
banggood.cn,0.7666,2.0753
google.la,0.0701,0.1058
zapmeta.co.in,0.1643,0.3991
link.tl,0.4638,0.4621
google.al,0.0600,0.1010
mojim.com,0.1539,0.2194
streeteasy.com,0.0495,0.0778
videogamearea.com,0.0654,0.1943
openoffice.org,0.1764,0.3697
scout.com,0.0413,0.0760
downdetector.com,0.0557,0.0688
teoma.com,0.1020,0.1131
protect-zt.com,0.3408,0.3741
translate.ru,1.2024,1.8346
whentowork.com,0.0457,0.1069
ygosu.com,0.4276,0.8623
antpedia.com,0.2707,0.4110
buffalo.edu,0.0481,0.1162
scamadviser.com,0.0110,0.0337
univie.ac.at,0.5437,0.7224
mafengwo.cn,0.3670,0.3997
google.com.jm,0.0786,0.1059
brown.edu,0.0928,0.0493
liberoquotidiano.it,0.2985,0.2304
tejaratbank.ir,1.5730,2.3032
angop.ao,0.6024,1.0138
crsky.com,0.0549,0.1245
convertmp3.io,0.1580,0.1745
rtl.fr,0.3399,0.5363
19lou.com,0.9752,1.5443
hirunews.lk,0.1788,0.2806
channelnewsasia.com,0.0294,0.0919
263.net,0.2069,0.2759
gunbroker.com,0.0168,0.0431
fakt.pl,0.3544,0.6016
ucm.es,0.3946,0.6318
51credit.com,0.8567,1.9169
payback.de,0.3201,0.3408
pchome.net,0.8789,1.2490
eagleget.com,0.4663,0.5232
solarmoviefree.me,0.0352,0.0866
italia-film.gratis,0.0117,0.0423
stockcharts.com,0.1440,0.4061
whenlovewasreal.com,0.0355,0.0811
pooq.co.kr,0.0202,0.0511
258.com,0.8690,2.9258
gutenberg.org,0.0780,0.1542
ur.ly,0.1925,0.3168
google.mn,0.0599,0.0990
descargatelocorp.com,0.1814,0.6639
dallasnews.com,0.4411,0.4758
notebooksbilliger.de,0.1309,0.1519
rightel.ir,0.5747,2.3731
netvasco.com.br,0.2020,0.3270
philly.com,0.0368,0.2009
potterybarn.com,0.1824,0.2095
wits.ac.za,0.5869,1.3190
brucelead.com,0.1741,0.3555
oregonlive.com,0.0258,0.0526
nullrefer.com,0.0246,0.0514
timesnownews.com,0.6658,1.3009
bonusbitcoin.co,0.1993,0.1589
skstream.ws,0.2008,0.1181
aydinlik.com.tr,0.3820,0.5659
border.gov.au,1.0468,1.5682
sainsburys.co.uk,0.2950,0.5761
pussl16.com,0.0205,0.0526
prepscholar.com,0.0652,0.1097
d20pfsrd.com,0.0367,0.0705
vajehyab.com,0.1934,0.3950
mako.co.il,0.0813,0.0723
nysc.org.ng,0.1706,0.3496
octopuspop.com,0.4922,0.9898
indiatyping.com,0.8409,1.5132
mygully.com,0.0118,0.0564
csc.gov.in,1.5617,2.1815
bajaryoutube.com,0.1362,0.1216
morbitempus.com,0.0899,0.1899
tuttosport.com,0.1165,0.4046
frandroid.com,0.2318,0.2404
turkcealtyazi.org,0.6898,0.5703
kyobobook.co.kr,0.4400,1.0111
r-project.org,0.2383,0.4846
shanbay.com,0.5957,1.0970
quickconnect.to,0.0211,0.0510
zakon.kz,0.8876,1.2676
theregister.co.uk,0.2591,0.1672
venturead.com,0.0736,0.1548
jdsports.co.uk,0.0277,0.0593
imperial.ac.uk,5.2499,6.1909
gl5.ru,0.1705,0.3485
menards.com,0.0166,0.0660
indianbank.net.in,0.4429,0.9098
lolskill.net,0.3631,0.3770
carrefour.fr,0.0457,0.0485
hottopic.com,0.3775,0.5614
ucr.edu,0.2772,0.3612
soutalomma.com,0.3591,0.4307
tehran.ir,0.6800,0.7716
mvnrepository.com,0.0330,0.0707
rochester.edu,0.0529,0.1023
cpabien.cx,0.5153,0.3400
hdeuropix.com,0.2067,0.2244
draw.io,0.0357,0.1016
guru3d.com,0.2166,0.4173
bomb01.com,0.2914,0.4636
kikinote.net,0.5796,0.5913
kanzhun.com,1.4789,5.0185
lastminute.com,0.1388,0.1942
williamhill.com,0.2050,0.4048
minecraftskins.com,0.3499,0.5603
purple6401.com,0.1793,0.3391
tvmao.com,0.4715,0.9398
shinobi.jp,0.4126,0.8039
torrentleex.com,0.0117,0.0346
priberam.pt,0.4096,0.6429
softschools.com,0.0935,0.1874
businesswire.com,0.0194,0.0543
sc.edu,0.1124,0.2274
movie-blog.org,0.9633,0.8865
10jqka.com.cn,1.2872,2.8946
rec-tube.com,0.0118,0.0293
libguides.com,0.0922,0.2057
opizo.com,0.2012,0.2409
i-gamer.net,1.7029,2.1953
unicef.org,0.0172,0.0401
vmus.co,0.0123,0.0310
locopelis.com,0.2347,0.3114
topito.com,0.2846,0.4624
pichunter.com,0.0834,0.1947
save-video.com,0.0962,0.2695
cineaste.co.kr,1.6151,2.2184
ngoisao.net,0.9070,1.5320
jiushang.cn,2.9503,3.6602
tugaflix.com,0.2320,0.4580
mm-cg.com,0.1487,0.1749
image-line.com,0.1123,0.2337
stonybrook.edu,0.9705,0.9904
tahrirnews.com,0.2491,0.2727
smartphoneslist.com,0.2565,0.2768
minhavida.com.br,0.1292,0.2162
jetlaggin.com,0.0413,0.0385
pbworks.com,0.0203,0.0511
vietcombank.com.vn,0.8152,1.4004
dashnet.org,0.1934,0.4300
blablacar.ru,0.3193,0.5979
cleveland.com,0.0263,0.0539
xendan.org,0.0319,0.0717
yungching.com.tw,0.4387,0.8988
upworthy.com,0.0267,0.0616
listverse.com,0.0568,0.1456
ohio.gov,0.1304,0.2175
toxicwap.com,0.2148,0.4271
nic.ir,0.8374,1.3981
